{"cameraMode":{"drawMode":0,"name":"Shaded","section":"Shading Mode"},"sceneLighting":false,"audioPlay":false,"sceneViewState":{"showFog":true,"showMaterialUpdate":false,"showSkybox":true,"showFlares":true,"showImageEffects":true,"showParticleSystems":true},"in2DMode":false,"pivot":{"x":7.575035095214844,"y":0.90631103515625,"z":-0.16002750396728517},"rotation":{"x":0.19568848609924317,"y":-0.5414991974830627,"z":0.13130824267864228,"w":0.8069961667060852},"size":9.46794319152832,"orthographic":false}